<?xml version="1.0" encoding="UTF-8"?>

<ExtensionManifest Version="4.0" ExtensionBundleId="me.randomuser.RandomUserGenerator" ExtensionBundleVersion="3.0.1"
		ExtensionBundleName="RandomUserGenerator" xmlns:xsi="http://www.w3.org/2001/XMLSchema-instance">
	<Author>
		<![CDATA[RandomAPI]]>
	</Author>	<Contact mailto="keith@randomapi.com"/>	<Legal href="http://randomuser.me/copyright">
		<![CDATA[Copyright Notice
All randomly generated photos are copyrighted under a Creative Commons BY-NC-SA 4.0. These photos were hand picked from Greg Peverill-Conti's 1,000 faces project.

You are free to:
Share — copy and redistribute the material in any medium or format
Adapt — remix, transform, and build upon the material
The licensor cannot revoke these freedoms as long as you follow the license terms.

Under the following terms:
Attribution — You must give appropriate credit, provide a link to the license, and indicate if changes were made. You may do so in any reasonable manner, but not in any way that suggests the licensor endorses you or your use.
NonCommercial — You may not use the material for commercial purposes.
ShareAlike — If you remix, transform, or build upon the material, you must distribute your contributions under the same license as the original.
No additional restrictions — You may not apply legal terms or technological measures that legally restrict others from doing anything the license permits.

Other notices:
You do not have to comply with the license for elements of the material in the public domain or where your use is permitted by an applicable exception or limitation.

No warranties are given. The license may not give you all of the permissions necessary for your intended use. For example, other rights such as publicity, privacy, or moral rights may limit how you use the material.

Have Questions?
If you are unsure about our licensing or have questions left un-answered, send an email to support@randomuser.me]]>
	</Legal>	<Abstract href="http://randomuser.me">
		<![CDATA[Random User Generator (https://randomuser.me)
Powered by RandomAPI (https://randomapi.com)

A free API for generating random user data. Like Lorem Ipsum, but for people.

Want to contribute? Visit our Github: https://github.com/randomapi]]>
	</Abstract>	<ExtensionList>
		<Extension Id="me.randomuser.RandomUserGenerator.extension1" Version="3.0.1" />
	</ExtensionList>
	<ExecutionEnvironment>
		<HostList>
			<Host Name="PHSP" Version="[14.0,17.9]" />
			<Host Name="PHXS" Version="[14.0,17.9]" />
		</HostList>
		<LocaleList>
			<Locale Code="All" />
		</LocaleList>
		<RequiredRuntimeList>
			<RequiredRuntime Name="CSXS" Version="4.0" />

		</RequiredRuntimeList>
	</ExecutionEnvironment>
	<DispatchInfoList>
		<Extension Id="me.randomuser.RandomUserGenerator.extension1">
			<DispatchInfo >
				<Resources>
				<MainPath>./index.html</MainPath>
				<ScriptPath>./RandomUserGenerator.jsx</ScriptPath>
				</Resources>
				<Lifecycle>
					<AutoVisible>true</AutoVisible>
				</Lifecycle>
				<UI>
					<Type>Panel</Type>
					<Menu>Random User Generator</Menu>
					<Geometry>
						<Size>
							<Height>450</Height>
							<Width>250</Width>
						</Size>
					</Geometry>
					<Icons>
						<Icon Type="Normal">./lib/img/icon_icon.png</Icon>
					</Icons>
				</UI>
			</DispatchInfo>
		</Extension>
	</DispatchInfoList>
</ExtensionManifest>